{"loss": [45.911861419677734, 3.0195653438568115, 1.4465705156326294, 1.2361273765563965, 1.2101808786392212, 1.2204649448394775, 1.1852554082870483, 1.0526670217514038, 1.237716555595398, 1.0976368188858032, 1.500762939453125, 1.4429888725280762, 1.4821350574493408, 1.2034600973129272, 1.677938461303711, 1.372808575630188, 0.7913785576820374, 0.6743395328521729, 0.6556475758552551, 0.6403062343597412, 0.6374208927154541, 0.8105087280273438, 0.8541232347488403, 0.7083507180213928, 0.7197167873382568, 0.5227757692337036, 0.40861958265304565, 0.34450051188468933, 0.33818691968917847, 0.3362486958503723, 0.43640226125717163, 0.42123714089393616, 0.43799805641174316, 0.3725721836090088, 0.36537453532218933, 0.31548652052879333, 0.3284159004688263, 0.3077569603919983, 0.2954469919204712, 0.3354126811027527, 0.3301151394844055, 0.3259144723415375, 0.3735784888267517, 0.3126949071884155, 0.27908238768577576, 0.28127217292785645, 0.29951903223991394, 0.27456170320510864, 0.28749266266822815, 0.28934556245803833, 0.23057474195957184, 0.20434243977069855, 0.2007337212562561, 0.1737314760684967, 0.16784381866455078, 0.17256882786750793, 0.1553453654050827, 0.16231220960617065, 0.14925937354564667, 0.16536155343055725, 0.16322524845600128, 0.13572421669960022, 0.14382417500019073, 0.14092543721199036, 0.14411517977714539, 0.14563055336475372, 0.14142762124538422, 0.1432427167892456, 0.13685676455497742, 0.13327786326408386, 0.13765880465507507, 0.13455715775489807, 0.14385338127613068, 0.1220410093665123, 0.13748463988304138, 0.12958481907844543, 0.12414020299911499, 0.13284513354301453, 0.13971364498138428, 0.14688320457935333, 0.12503668665885925, 0.1088152825832367, 0.1254514455795288, 0.11815187335014343, 0.11180315911769867, 0.11081263422966003, 0.11103223264217377, 0.10997426509857178, 0.10540690273046494, 0.11323396116495132], "accuracy": [0.8120805025100708, 0.8478747010231018, 0.8642803430557251, 0.8538404107093811, 0.86502605676651, 0.8657717704772949, 0.8799403309822083, 0.883296012878418, 0.8765846490859985, 0.8873974680900574, 0.8583146929740906, 0.8762117624282837, 0.8788217306137085, 0.873974621295929, 0.8698732256889343, 0.8806860446929932, 0.8985831141471863, 0.8952274322509766, 0.9064130783081055, 0.9023116827011108, 0.8970916867256165, 0.899701714515686, 0.91014164686203, 0.9157345294952393, 0.9082773923873901, 0.9049217104911804, 0.9138702154159546, 0.9213273525238037, 0.9224458932876587, 0.9172259569168091, 0.9198359251022339, 0.9175987839698792, 0.9243102073669434, 0.9187173843383789, 0.9261744618415833, 0.9302759170532227, 0.9265473484992981, 0.9280387759208679, 0.9235644936561584, 0.9123787879943848, 0.9325130581855774, 0.9384787082672119, 0.9295302033424377, 0.9381058812141418, 0.9418344497680664, 0.9354958534240723, 0.9340044260025024, 0.9407158493995667, 0.9332587718963623, 0.9347501397132874, 0.9474272727966309, 0.9519015550613403, 0.946681559085846, 0.9541386961936951, 0.9567486643791199, 0.95488440990448, 0.9604772329330444, 0.9563758373260498, 0.9601044058799744, 0.9545115232467651, 0.9515286684036255, 0.964205801486969, 0.9597315192222595, 0.9627143740653992, 0.9593586921691895, 0.9593586921691895, 0.9604772329330444, 0.9574943780899048, 0.9664429426193237, 0.9634600877761841, 0.9586129784584045, 0.965324342250824, 0.956002950668335, 0.9701715111732483, 0.9612229466438293, 0.9675614833831787, 0.9668157696723938, 0.965324342250824, 0.9601044058799744, 0.956002950668335, 0.9683071970939636, 0.9709172248840332, 0.964205801486969, 0.965324342250824, 0.9690529108047485, 0.9686800837516785, 0.973527193069458, 0.9690529108047485, 0.9701715111732483, 0.9675614833831787], "val_loss": [8.162921905517578, 14.773309707641602, 10.664022445678711, 3.8284292221069336, 5.206432819366455, 4.88037633895874, 1.22182035446167, 1.8469818830490112, 1.802343726158142, 1.159186601638794, 1.4347625970840454, 2.452331304550171, 1.6156556606292725, 1.5054550170898438, 2.883404016494751, 1.338783860206604, 1.092092514038086, 1.487229585647583, 0.7166502475738525, 0.9581643342971802, 1.1316012144088745, 2.122685432434082, 1.2320635318756104, 1.328094244003296, 1.4920562505722046, 0.7915496826171875, 0.6657556295394897, 0.5881218314170837, 1.0933091640472412, 1.2301409244537354, 0.7279604077339172, 2.250924587249756, 0.6104695200920105, 0.9240086674690247, 2.178924083709717, 0.7372870445251465, 0.5108177661895752, 0.3292961120605469, 0.5311955809593201, 0.4396136701107025, 0.5174755454063416, 0.6815809607505798, 0.5155682563781738, 0.5265219807624817, 1.2047603130340576, 1.0599557161331177, 0.8482882976531982, 0.8169578909873962, 0.6432837247848511, 0.812167227268219, 0.47442615032196045, 0.3791824281215668, 0.46422550082206726, 0.42230305075645447, 0.5775874853134155, 0.3991384506225586, 0.5185829997062683, 0.44554603099823, 0.6242760419845581, 0.25664785504341125, 0.4590305685997009, 0.46788865327835083, 0.4472602605819702, 0.4319162666797638, 0.2873075008392334, 0.2865210473537445, 0.3844451904296875, 0.23184466361999512, 0.7035973072052002, 0.4497067332267761, 0.33598142862319946, 0.9788098931312561, 1.0585037469863892, 0.331804484128952, 0.20659185945987701, 0.2485574185848236, 0.22931328415870667, 0.3471202254295349, 0.5577869415283203, 0.7309877872467041, 0.21321271359920502, 0.22219987213611603, 0.28558334708213806, 0.29021182656288147, 0.2456692010164261, 0.2049279361963272, 0.2105162888765335, 0.25799810886383057, 0.2077796310186386, 0.19733893871307373], "val_accuracy": [0.4117647111415863, 0.4117647111415863, 0.4117647111415863, 0.4117647111415863, 0.4117647111415863, 0.4117647111415863, 0.686274528503418, 0.5882353186607361, 0.4313725531101227, 0.7843137383460999, 0.7450980544090271, 0.529411792755127, 0.4705882668495178, 0.686274528503418, 0.6078431606292725, 0.6078431606292725, 0.7058823704719543, 0.5686274766921997, 0.8235294222831726, 0.6666666865348816, 0.5882353186607361, 0.5882353186607361, 0.4705882668495178, 0.4901961088180542, 0.6078431606292725, 0.7254902124404907, 0.6470588445663452, 0.7843137383460999, 0.529411792755127, 0.5882353186607361, 0.7450980544090271, 0.5882353186607361, 0.9019607901573181, 0.5686274766921997, 0.5882353186607361, 0.7058823704719543, 0.843137264251709, 0.9411765336990356, 0.7843137383460999, 0.843137264251709, 0.8627451062202454, 0.7450980544090271, 0.9019607901573181, 0.8823529481887817, 0.6274510025978088, 0.6078431606292725, 0.6078431606292725, 0.7058823704719543, 0.7058823704719543, 0.6470588445663452, 0.8235294222831726, 0.843137264251709, 0.7843137383460999, 0.8627451062202454, 0.8235294222831726, 0.8039215803146362, 0.7450980544090271, 0.8627451062202454, 0.7843137383460999, 0.8823529481887817, 0.8039215803146362, 0.8039215803146362, 0.8039215803146362, 0.843137264251709, 0.9019607901573181, 0.843137264251709, 0.843137264251709, 0.9019607901573181, 0.7450980544090271, 0.7647058963775635, 0.8627451062202454, 0.686274528503418, 0.6666666865348816, 0.843137264251709, 0.9411765336990356, 0.9019607901573181, 0.9215686321258545, 0.8627451062202454, 0.8235294222831726, 0.7450980544090271, 0.9411765336990356, 0.9019607901573181, 0.8823529481887817, 0.843137264251709, 0.843137264251709, 0.960784375667572, 0.9215686321258545, 0.8823529481887817, 0.960784375667572, 0.9215686321258545]}